Broj cvorova,Broj procesa po cvoru,Vreme
1,1,0.015
1,2,0.000218
1,3,0.000239
1,4,0.000465
1,5,0.000264
1,6,0.000218
